Titulo;Categoria;Descripcion;Imagen;Email;Telefono
"Don  Numas  Posada";"Salta";"Beneficio exclusivo para afiliados.";"https://i.ibb.co/cLsgwT8/Don-Numas-Posada.webp";"";""
"Hotel  La Linda";"Salta";"Beneficio exclusivo para afiliados.";"https://i.ibb.co/TR2wddf/Hotel-La-linda.webp";"";""
"Mirador Del Cerro";"Salta";"Beneficio exclusivo para afiliados.";"https://i.ibb.co/wB31YX9/Mirador-del-cerro.webp";"";""
"Hotel Plaza De Las Aljabas";"Salta";"Beneficio exclusivo para afiliados.";"https://i.ibb.co/GRPQMyT/Hotel-plaza-de-las-aljabas.webp";"";""
"Hotel Bo";"Salta";"Beneficio exclusivo para afiliados.";"https://i.ibb.co/F3tgkwf/Hotel-bo.webp";"";""
"Hotel Termas Rosario De La Frontera";"Salta";"Beneficio exclusivo para afiliados.";"https://i.ibb.co/J5pBYPw/Hotel-termas-rosario-de-la-frontera.webp";"";""
"Caba As Tia Moca";"Salta";"Beneficio exclusivo para afiliados.";"https://i.ibb.co/WFgvFT2/Caba-as-tia-moca.webp";"";""
"Caba As Del Portal";"Salta";"Beneficio exclusivo para afiliados.";"https://i.ibb.co/r4M1T5K/Caba-as-del-portal.webp";"";""
"Hotel Terrazas Del Lago";"Salta";"Beneficio exclusivo para afiliados.";"https://i.ibb.co/F681WK4/Hotel-terrazas-del-lago.webp";"";""
"Hostal  Finca Las  Margaritas";"Salta";"Beneficio exclusivo para afiliados.";"https://i.ibb.co/4Fy6Lq3/Hostal-Finca-las-Margaritas.webp";"";""
"Amber Salta";"Salta";"Beneficio exclusivo para afiliados.";"https://aefipnoroeste.org.ar/images/Convenios/Salta/AmberSalta.png";"";""
"Catalina Bliss";"Salta";"Beneficio exclusivo para afiliados.";"https://aefipnoroeste.org.ar/images/Convenios/Salta/CatalinaBliss.png";"";""
"Estetica Gral";"Salta";"Beneficio exclusivo para afiliados.";"https://aefipnoroeste.org.ar/images/Convenios/Salta/EsteticaGral.png";"";""
"Figurella";"Salta";"Beneficio exclusivo para afiliados.";"https://aefipnoroeste.org.ar/images/Convenios/Salta/Figurella.png";"";""
"Hotel Provincial";"Salta";"Beneficio exclusivo para afiliados.";"https://aefipnoroeste.org.ar/images/Convenios/Salta/HotelProvincial.png";"";""
"Kadabra";"Salta";"Beneficio exclusivo para afiliados.";"https://aefipnoroeste.org.ar/images/Convenios/Salta/Kadabra.png";"";""
"La Mascotera Sal";"Salta";"Beneficio exclusivo para afiliados.";"https://aefipnoroeste.org.ar/images/Convenios/Salta/LaMascoteraSal.png";"";""
"Pitagoras Sal";"Salta";"Beneficio exclusivo para afiliados.";"https://aefipnoroeste.org.ar/images/Convenios/Salta/PitagorasSal.png";"";""
"Shinee Sal";"Salta";"Beneficio exclusivo para afiliados.";"https://aefipnoroeste.org.ar/images/Convenios/Salta/ShineeSal.png";"";""
"Tuluka Sal";"Salta";"Beneficio exclusivo para afiliados.";"https://aefipnoroeste.org.ar/images/Convenios/Salta/TulukaSal.png";"";""
"Uñas Vip";"Salta";"Beneficio exclusivo para afiliados.";"https://aefipnoroeste.org.ar/images/Convenios/Salta/U%C3%B1asVip.png";"";""
"Altos Del Vi A";"Jujuy";"Beneficio exclusivo para afiliados.";"https://i.ibb.co/2d2DKhd/Altos-del-vi-a.webp";"";""
"Hotel  Alvear";"Jujuy";"Beneficio exclusivo para afiliados.";"https://i.ibb.co/b3nVgwq/Hotel-Alvear.webp";"";""
"La Posada Del Rio";"Jujuy";"Beneficio exclusivo para afiliados.";"https://i.ibb.co/HKh5VwS/La-posada-del-rio.webp";"";""
"Hostal De Altura";"Jujuy";"Beneficio exclusivo para afiliados.";"https://i.ibb.co/FwzBFHm/Hostal-de-altura.webp";"";""
"Belha Jujuy";"Jujuy";"Beneficio exclusivo para afiliados.";"https://aefipnoroeste.org.ar/images/Convenios/Jujuy/BelhaJujuy.png";"";""
"La Mascotera Jujuy";"Jujuy";"Beneficio exclusivo para afiliados.";"https://aefipnoroeste.org.ar/images/Convenios/Jujuy/LaMascoteraJujuy.png";"";""
"Ohasis";"Jujuy";"Beneficio exclusivo para afiliados.";"https://aefipnoroeste.org.ar/images/Convenios/Jujuy/Ohasis.png";"";""
"Optica Arena";"Jujuy";"Beneficio exclusivo para afiliados.";"https://aefipnoroeste.org.ar/images/Convenios/Jujuy/OpticaArena.png";"";""
"Hotel Colonial";"Santiago del Estero";"Beneficio exclusivo para afiliados.";"https://i.ibb.co/BGr4F84/Hotel-colonial.webp";"";""
"Los Carolinos";"Santiago del Estero";"Beneficio exclusivo para afiliados.";"https://i.ibb.co/9HJKfzd/Los-carolinos.webp";"";""
"Bicentenario";"Santiago del Estero";"Beneficio exclusivo para afiliados.";"https://i.ibb.co/mHGgf3R/Bicentenario.webp";"";""
"Atlas Tuc";"Tucumán";"Beneficio exclusivo para afiliados.";"https://aefipnoroeste.org.ar/images/Convenios/Tucuman/AtlasTuc.png";"";""
"Ceivac Tuc";"Tucumán";"Beneficio exclusivo para afiliados.";"https://aefipnoroeste.org.ar/images/Convenios/Tucuman/CeivacTuc.png";"";""
"Hammer";"Tucumán";"Beneficio exclusivo para afiliados.";"https://aefipnoroeste.org.ar/images/Convenios/Tucuman/Hammer.png";"";""
"Jockey";"Tucumán";"Beneficio exclusivo para afiliados.";"https://aefipnoroeste.org.ar/images/Convenios/Tucuman/Jockey.png";"";""
"La Estrella Tuc";"Tucumán";"Beneficio exclusivo para afiliados.";"https://aefipnoroeste.org.ar/images/Convenios/Tucuman/LaEstrellaTuc.png";"";""
"La Estrella Tuc2";"Tucumán";"Beneficio exclusivo para afiliados.";"https://aefipnoroeste.org.ar/images/Convenios/Tucuman/LaEstrellaTuc2.png";"";""
"La Mascotera Tuc";"Tucumán";"Beneficio exclusivo para afiliados.";"https://aefipnoroeste.org.ar/images/Convenios/Tucuman/LaMascoteraTuc.png";"";""
"La Merced";"Tucumán";"Beneficio exclusivo para afiliados.";"https://aefipnoroeste.org.ar/images/Convenios/Tucuman/LaMerced.png";"";""
"Madras Tuc";"Tucumán";"Beneficio exclusivo para afiliados.";"https://aefipnoroeste.org.ar/images/Convenios/Tucuman/MadrasTuc.png";"";""
"Prana Tuc";"Tucumán";"Beneficio exclusivo para afiliados.";"https://aefipnoroeste.org.ar/images/Convenios/Tucuman/PranaTuc.png";"";""
"Seu";"Tucumán";"Beneficio exclusivo para afiliados.";"https://aefipnoroeste.org.ar/images/Convenios/Tucuman/Seu.png";"";""
"Zimmerman";"Tucumán";"Beneficio exclusivo para afiliados.";"https://aefipnoroeste.org.ar/images/Convenios/Tucuman/Zimmerman.png";"";""
"Los Cardones";"Tucumán";"Beneficio exclusivo para afiliados.";"https://i.ibb.co/TWYhGfF/Los-cardones.webp";"";""
"Hotel Bristol";"Tucumán";"Beneficio exclusivo para afiliados.";"https://i.ibb.co/WPTScRG/hotel-bristol.webp";"";""
"Hipercell";"Tucumán";"Beneficio exclusivo para afiliados.";"https://i.ibb.co/yfP1wd3/Hipercell-logo.webp";"";""
"Cortassa";"Tucumán";"Beneficio exclusivo para afiliados.";"https://i.ibb.co/MRB2X2S/Cortassa-logo.webp";"";""
"Yanuzzi Optica";"Tucumán";"Beneficio exclusivo para afiliados.";"https://i.ibb.co/FBk8JdK/Yanuzzi-optica.webp";"";""
"Rema Autocare";"Tucumán";"Beneficio exclusivo para afiliados.";"https://i.ibb.co/fGH8KCJ/Rema-autocare.webp";"";""
"Monitor Servicio De Seguridad";"Tucumán";"Beneficio exclusivo para afiliados.";"https://i.ibb.co/6FC8N9W/Monitor-servicio-de-seguridad.webp";"";""
"C H Loreto";"Tucumán";"Beneficio exclusivo para afiliados.";"https://i.ibb.co/CmyRQfz/CH-loreto.webp";"";""
"Tuluka";"Tucumán";"Beneficio exclusivo para afiliados.";"https://i.ibb.co/QMrPWkG/tuluka.webp";"";""
"Don  Ponciano";"Tucumán";"Beneficio exclusivo para afiliados.";"https://i.ibb.co/kM017NR/Don-Ponciano.webp";"";""
"Gula Club";"Tucumán";"Beneficio exclusivo para afiliados.";"https://i.ibb.co/WzGq07t/Gula-club.webp";"";""
"Tob 1";"Tucumán";"Beneficio exclusivo para afiliados.";"https://i.ibb.co/P5MdZqM/tob-1.webp";"";""
"Progresar Creditos";"Tucumán";"Beneficio exclusivo para afiliados.";"https://i.ibb.co/6Dzq1q2/Progresar-creditos.webp";"";""
"Express";"Tucumán";"Beneficio exclusivo para afiliados.";"https://i.ibb.co/b224Sd8/logo-express.webp";"";""
"Atlantica Pin";"Santiago del Estero";"Beneficio exclusivo para afiliados.";"https://aefipnoroeste.org.ar/images/Convenios/Santiago/AtlanticaPin.png";"";""
"Calido Hotel";"Santiago del Estero";"Beneficio exclusivo para afiliados.";"https://aefipnoroeste.org.ar/images/Convenios/Santiago/CalidoHotel.png";"";""
"Cortassa San";"Santiago del Estero";"Beneficio exclusivo para afiliados.";"https://aefipnoroeste.org.ar/images/Convenios/Santiago/CortassaSan.png";"";""
"El Mago";"Santiago del Estero";"Beneficio exclusivo para afiliados.";"https://aefipnoroeste.org.ar/images/Convenios/Santiago/ElMago.png";"";""
"Express";"Santiago del Estero";"Beneficio exclusivo para afiliados.";"https://aefipnoroeste.org.ar/images/Convenios/Santiago/Express.png";"";""
"Hiper Cell";"Santiago del Estero";"Beneficio exclusivo para afiliados.";"https://aefipnoroeste.org.ar/images/Convenios/Santiago/HiperCell.png";"";""
"Ingenio";"Santiago del Estero";"Beneficio exclusivo para afiliados.";"https://aefipnoroeste.org.ar/images/Convenios/Santiago/Ingenio.png";"";""
"La Mascotera Sgo";"Santiago del Estero";"Beneficio exclusivo para afiliados.";"https://aefipnoroeste.org.ar/images/Convenios/Santiago/LaMascoteraSgo.png";"";""
"Los Cardones";"Santiago del Estero";"Beneficio exclusivo para afiliados.";"https://aefipnoroeste.org.ar/images/Convenios/Santiago/LosCardones.png";"";""
"Montenegro";"Santiago del Estero";"Beneficio exclusivo para afiliados.";"https://aefipnoroeste.org.ar/images/Convenios/Santiago/Montenegro.png";"";""
"Tarjeta Vitta";"Santiago del Estero";"Beneficio exclusivo para afiliados.";"https://aefipnoroeste.org.ar/images/Convenios/Santiago/TarjetaVitta.png";"";""
"Tuluka Fitness";"Santiago del Estero";"Beneficio exclusivo para afiliados.";"https://aefipnoroeste.org.ar/images/Convenios/Santiago/TulukaFitness.png";"";""
"Asispre";"General";"Beneficio exclusivo para afiliados.";"https://i.ibb.co/G5H9sqD/asispre.webp";"";""
"Hotel Embajador";"General";"Beneficio exclusivo para afiliados.";"https://i.ibb.co/ZXq87sx/hotel-embajador.webp";"";""
"Farmacia Inca";"General";"Beneficio exclusivo para afiliados.";"https://i.ibb.co/5rwt1Lw/Farmacia-inca.webp";"";""
"El Malik";"General";"Beneficio exclusivo para afiliados.";"https://i.ibb.co/fxVLzsW/el-malik.webp";"";""
"San Pablo  T";"Tucumán";"Beneficio exclusivo para afiliados.";"https://i.ibb.co/WkNswmK/logo-san-pablo-T.webp";"";""
"Siglo 21";"Tucumán";"Beneficio exclusivo para afiliados.";"https://i.ibb.co/Gvr6jcc/siglo-21-logo.webp";"";""
"Unsta";"Tucumán";"Beneficio exclusivo para afiliados.";"https://i.ibb.co/4J6fNxg/unsta-logo.webp";"";""
"Auto Spa";"Catamarca";"Beneficio exclusivo para afiliados.";"https://aefipnoroeste.org.ar/images/Convenios/Catamarca/AutoSpa.png";"";""
"Cortassa";"Catamarca";"Beneficio exclusivo para afiliados.";"https://aefipnoroeste.org.ar/images/Convenios/Catamarca/Cortassa.png";"";""
"Desde El Alma";"Catamarca";"Beneficio exclusivo para afiliados.";"https://aefipnoroeste.org.ar/images/Convenios/Catamarca/DesdeElAlma.png";"";""
"Giro Didac";"Catamarca";"Beneficio exclusivo para afiliados.";"https://aefipnoroeste.org.ar/images/Convenios/Catamarca/GiroDidac.png";"";""
"La Bagual";"Catamarca";"Beneficio exclusivo para afiliados.";"https://aefipnoroeste.org.ar/images/Convenios/Catamarca/LaBagual.png";"";""
"La Vinoteca";"Catamarca";"Beneficio exclusivo para afiliados.";"https://aefipnoroeste.org.ar/images/Convenios/Catamarca/LaVinoteca.png";"";""
"Man Indumentaria";"Catamarca";"Beneficio exclusivo para afiliados.";"https://aefipnoroeste.org.ar/images/Convenios/Catamarca/ManIndumentaria.png";"";""
"Noa Cat";"Catamarca";"Beneficio exclusivo para afiliados.";"https://aefipnoroeste.org.ar/images/Convenios/Catamarca/NoaCat.png";"";""